<?xml version="1.0" encoding="UTF-8"?>
<!DOCTYPE mapper PUBLIC "-//mybatis.org//DTD Mapper 3.0//EN" "http://mybatis.org/dtd/mybatis-3-mapper.dtd">
<mapper namespace="com.tool.configure.dao.DomainDao">
    <resultMap id="BaseResultMap" type="com.tool.configure.entity.DomainEntity">
        <id column="id" property="id"/>
        <result column="domain_name" property="domainName"/>
        <result column="created" property="created"/>
        <result column="updated" property="updated"/>
        <result column="deleted" property="deleted"/>
    </resultMap>
    <sql id="Base_Column_List">
        id,domain_name,created,updated,deleted
    </sql>

    <select id="selectById" parameterType="java.lang.Long" resultMap="BaseResultMap">
        select
        <include refid="Base_Column_List"/>
        from `domain`
        where id = #{id}
    </select>

    <insert id="insert" parameterType="com.tool.configure.entity.DomainEntity" keyProperty="id" useGeneratedKeys="true">
        INSERT INTO `domain`(
        id,
        domain_name,
        created,
        updated,
        deleted
        )values(
        #{id},
        #{domainName},
        #{created},
        #{updated},
        #{deleted}
        )
    </insert>


    <update id="updateById" parameterType="com.tool.configure.entity.DomainEntity">
        update `domain` set
        <if test="domainName != null">
            domain_name = #{domainName},
        </if>
        <if test="created != null">
            created = #{created},
        </if>
        <if test="updated != null">
            updated = #{updated},
        </if>
        <if test="deleted != null">
            deleted = #{deleted}
        </if>
        where id = #{id}
    </update>

    <select id="list" resultMap="BaseResultMap">
        select <include refid="Base_Column_List"/>
        from `domain`
        <where>
            <if test="domainEntity.id !=null">
                id = #{domainEntity.id}
            </if>
            <if test="domainEntity.domainName !=null">
                and domain_name =#{domainEntity.domainName}
            </if>
            <if test="domainEntity.deleted !=null">
                and deleted = #{domainEntity.deleted}
            </if>
        </where>
        limit #{start} , #{maxCount}
    </select>

    <select id="listCount" parameterType="com.tool.configure.entity.DomainEntity" resultType="java.lang.Integer">
        select count(id)
        from `domain`
        <where>
            <if test="id !=null">
                id = #{id}
            </if>
            <if test="domainName !=null">
                and domain_name = #{domainName}
            </if>
            <if test="deleted !=null">
                and deleted = #{deleted}
            </if>
        </where>
    </select>


</mapper>