<?xml version="1.0" encoding="UTF-8"?>
<!DOCTYPE mapper PUBLIC "-//mybatis.org//DTD Mapper 3.0//EN" "http://mybatis.org/dtd/mybatis-3-mapper.dtd">
<mapper namespace="com.tool.configure.dao.DomainProfileDao">
    <resultMap id="BaseResultMap" type="com.tool.configure.entity.DomainProfileEntity">
        <id column="id" property="id"/>
        <result column="domain_id" property="domainId"/>
        <result column="profile_id" property="profileId"/>
    </resultMap>
    <sql id="Base_Column_List">
        id,domain_id,profile_id
    </sql>

    <select id="selectById" parameterType="java.lang.Long" resultMap="BaseResultMap">
        select
        <include refid="Base_Column_List"/>
        from `domain_profile`
        where id = #{id}
    </select>

    <insert id="insert" parameterType="com.tool.configure.entity.DomainProfileEntity" keyProperty="id"
            useGeneratedKeys="true">
        INSERT INTO `domain_profile`(
        id,
        domain_id,
        profile_id
        )values(
        #{id},
        #{domainId},
        #{profileId}
        )
    </insert>

    <select id="list" resultMap="BaseResultMap">
        select
        <include refid="Base_Column_List"/>
        from `domain_profile`
        <where>
            <if test="domainProfileEntity.id !=null">
                id = #{domainProfileEntity.id}
            </if>
            <if test="domainProfileEntity.domainId !=null">
                and domain_id = #{domainProfileEntity.domainId}
            </if>
            <if test="domainProfileEntity.profileId !=null">
                and profile_id = #{domainProfileEntity.profileId}
            </if>
        </where>
    </select>


    <delete id="delete" parameterType="com.tool.configure.entity.DomainProfileEntity">
        DELETE from `domain_profile` where
        <if test="id !=null">
            id = #{id}
        </if>
        <if test="domainId !=null">
            and domain_id = #{domainId}
        </if>
        <if test="profileId !=null">
            and profile_id = #{profileId}
        </if>
    </delete>

</mapper>