<?xml version="1.0" encoding="UTF-8"?>
<!DOCTYPE mapper PUBLIC "-//mybatis.org//DTD Mapper 3.0//EN" "http://mybatis.org/dtd/mybatis-3-mapper.dtd">
<mapper namespace="com.tool.configure.dao.ProfileDao">
    <resultMap id="BaseResultMap" type="com.tool.configure.entity.ProfileEntity">
        <id column="id" property="id"/>
        <result column="profile_name" property="profileName"/>
        <result column="created" property="created"/>
        <result column="updated" property="updated"/>
        <result column="deleted" property="deleted"/>
    </resultMap>
    <sql id="Base_Column_List">
        id,profile_name,created,updated,deleted
    </sql>

    <select id="selectById" parameterType="java.lang.Long" resultMap="BaseResultMap">
        select
        <include refid="Base_Column_List"/>
        from `profile`
        where id = #{id}
    </select>

    <insert id="insert" parameterType="com.tool.configure.entity.ProfileEntity" keyProperty="id" useGeneratedKeys="true">
        INSERT INTO `profile`(
        id,
        profile_name,
        created,
        updated,
        deleted
        )values(
        #{id},
        #{profileName},
        #{created},
        #{updated},
        #{deleted}
        )
    </insert>


    <update id="updateById" parameterType="com.tool.configure.entity.ProfileEntity">
        update `profile` set
        <if test="profileName != null">
            Profile_name = #{[rofileName},
        </if>
        <if test="created != null">
            created = #{created},
        </if>
        <if test="updated != null">
            updated = #{updated},
        </if>
        <if test="deleted != null">
            deleted = #{deleted}
        </if>
        where id = #{id}
    </update>

    <select id="list" resultMap="BaseResultMap">
        select <include refid="Base_Column_List"/>
        from `profile`
        <where>
            <if test="profileEntity.id !=null">
                id = #{profileEntity.id}
            </if>
            <if test="profileEntity.ProfileName !=null">
                and profile_name like CONCAT('%','${profileEntity.profileName}','%' )
            </if>
            <if test="profileEntity.deleted !=null">
                and deleted = #{profileEntity.deleted}
            </if>
        </where>
        limit #{start} , #{maxCount}
    </select>

    <select id="listCount" parameterType="com.tool.configure.entity.ProfileEntity" resultType="java.lang.Integer">
        select count(id)
        from `profile`
        <where>
            <if test="id !=null">
                id = #{id}
            </if>
            <if test="profileName !=null">
                and profile_name like CONCAT('%','${profileName}','%' )
            </if>
            <if test="deleted !=null">
                and deleted = #{deleted}
            </if>
        </where>
    </select>


</mapper>