<?xml version="1.0" encoding="UTF-8"?>
<!DOCTYPE mapper PUBLIC "-//mybatis.org//DTD Mapper 3.0//EN" "http://mybatis.org/dtd/mybatis-3-mapper.dtd">
<mapper namespace="com.tool.configure.dao.PropDao">
    <resultMap id="BaseResultMap" type="com.tool.configure.entity.PropEntity">
        <id column="id" property="id"/>
        <result column="domain_id" property="domainId"/>
        <result column="key_name" property="keyName"/>
        <result column="profile_id" property="profileId"/>
        <result column="value" property="value"/>
        <result column="created" property="created"/>
        <result column="updated" property="updated"/>
        <result column="deleted" property="deleted"/>
    </resultMap>
    <sql id="Base_Column_List">
        id,
        domain_id,
        key_name,
        profile_id,
        `value`,
        created,
        updated,
        deleted
    </sql>

    <select id="selectById" parameterType="java.lang.Long" resultMap="BaseResultMap">
        select
        <include refid="Base_Column_List"/>
        from `prop`
        where id = #{id}
    </select>

    <insert id="insert" parameterType="com.tool.configure.entity.PropEntity" keyProperty="id" useGeneratedKeys="true">
        INSERT INTO `prop`(
        id,
        domain_id,
        key_name,
        profile_id,
        `value`,
        created,
        updated,
        deleted
        )values(
        #{id},
        #{domainId},
        #{keyName},
        #{profileId},
        #{value},
        #{created},
        #{updated},
        #{deleted}
        )
    </insert>


    <update id="updateById" parameterType="com.tool.configure.entity.PropEntity">
        update `prop` set
        <if test="domainName != null">
            `value` = #{value},
        </if>
        <if test="updated != null">
            updated = #{updated},
        </if>
        <if test="deleted != null">
            deleted = #{deleted}
        </if>
        where id = #{id}
    </update>

    <select id="list" resultMap="BaseResultMap">
        select
        <include refid="Base_Column_List"/>
        from `prop`
        <where>
            <if test="propEntity.id !=null">
                id = #{propEntity.id}
            </if>
            <if test="propEntity.value !=null">
                and `value` like CONCAT('%','${propEntity.value}','%' )
            </if>
            <if test="propEntity.domainId !=null">
                and domain_id = #{propEntity.domainId}
            </if>
            <if test="propEntity.keyName !=null">
                and key_name = #{propEntity.keyName}
            </if>
            <if test="propEntity.profileId !=null">
                and profile_id = #{propEntity.profileId}
            </if>
            <if test="propEntity.deleted !=null">
                and deleted = #{propEntity.deleted}
            </if>
        </where>
        limit #{start} , #{maxCount}
    </select>

    <select id="listCount" parameterType="com.tool.configure.entity.PropEntity" resultType="java.lang.Integer">
        select count(id)
        from `prop`
        <where>
            <if test="id !=null">
                id = #{id}
            </if>
            <if test="value !=null">
                and `value` like CONCAT('%','${value}','%' )
            </if>
            <if test="domainId !=null">
                and domain_id = #{domainId}
            </if>
            <if test="keyName !=null">
                and key_name = #{keyName}
            </if>
            <if test="profileId !=null">
                and profile_id = #{profileId}
            </if>
            <if test="deleted !=null">
                and deleted = #{deleted}
            </if>
        </where>
    </select>


</mapper>