<?xml version="1.0" encoding="UTF-8"?>
<beans xmlns="http://www.springframework.org/schema/beans"
       xmlns:p="http://www.springframework.org/schema/p" xmlns:xsi="http://www.w3.org/2001/XMLSchema-instance"
       xsi:schemaLocation="http://www.springframework.org/schema/beans http://www.springframework.org/schema/beans/spring-beans.xsd
   ">

    <!--业务操作数据源-->
    <bean id="dataSource" class="com.alibaba.druid.pool.DruidDataSource"
          init-method="init" destroy-method="close">
        <!-- 基本属性 url、user、password -->
        <property name="url" value="jdbc:mysql://127.0.0.1:3306/configure"/>
        <property name="username" value="root"/>
        <property name="password" value="root"/>
        <!--
        <property name="connectionProperties" value="config.decrypt=true" /> -->

        <!-- 配置监控统计拦截的filters，去掉后监控界面sql无法统计 -->
        <property name="filters" value="stat,config" />

        <!-- 配置初始化大小、最小、最大 -->
        <property name="initialSize" value="1"/>
        <property name="minIdle" value="1"/>
        <property name="maxActive" value="20"/>

        <!-- 配置获取连接等待超时的时间 -->
        <property name="maxWait" value="10000"/>

        <!-- 配置间隔多久才进行一次检测，检测需要关闭的空闲连接，单位是毫秒 -->
        <property name="timeBetweenEvictionRunsMillis" value="60000"/>

        <!-- 配置一个连接在池中最小生存的时间，单位是毫秒 -->
        <property name="minEvictableIdleTimeMillis" value="300000"/>

        <property name="validationQuery" value="SELECT 'x'"/>
        <property name="testWhileIdle" value="true"/>
        <property name="testOnBorrow" value="false"/>
        <property name="testOnReturn" value="false"/>

        <!-- 打开PSCache，并且指定每个连接上PSCache的大小 -->
        <property name="poolPreparedStatements" value="true"/>
        <property name="maxPoolPreparedStatementPerConnectionSize"
                  value="20"/>

    </bean>

    <bean id="transactionManager"
          class="org.springframework.jdbc.datasource.DataSourceTransactionManager"
          p:dataSource-ref="dataSource"/>

    <!-- define the SqlSessionFactory -->
    <bean id="sqlSessionFactory" class="org.mybatis.spring.SqlSessionFactoryBean"
          p:dataSource-ref="dataSource" p:typeAliasesPackage="com.tool.configure.entity"
          p:mapperLocations="classpath*:com.tool.configure.dao/*.xml"/>

    <!-- scan for mappers and let them be autowired -->
    <bean class="org.mybatis.spring.mapper.MapperScannerConfigurer"
          p:basePackage="com.tool.configure.dao"
          p:sqlSessionFactoryBeanName="sqlSessionFactory"/>

</beans>
