<?xml version="1.0" encoding="UTF-8"?>
<beans xmlns="http://www.springframework.org/schema/beans"
       xmlns:context="http://www.springframework.org/schema/context"
       xmlns:mvc="http://www.springframework.org/schema/mvc" xmlns:p="http://www.springframework.org/schema/p"
       xmlns:xsi="http://www.w3.org/2001/XMLSchema-instance" xmlns:aop="http://www.springframework.org/schema/aop"
       xsi:schemaLocation="http://www.springframework.org/schema/beans
    http://www.springframework.org/schema/beans/spring-beans-3.0.xsd
    http://www.springframework.org/schema/context
    http://www.springframework.org/schema/context/spring-context.xsd
    http://www.springframework.org/schema/mvc
    http://www.springframework.org/schema/mvc/spring-mvc-3.2.xsd http://www.springframework.org/schema/aop
    http://www.springframework.org/schema/aop/spring-aop.xsd">


    <!-- 配置UTF-8编码输出 -->
    <bean class="org.springframework.web.servlet.mvc.method.annotation.RequestMappingHandlerAdapter">
        <property name="messageConverters">
            <list>
                <bean
                        class="org.springframework.http.converter.StringHttpMessageConverter">
                    <property name="supportedMediaTypes">
                        <list>
                            <value>text/html;charset=UTF-8</value>
                        </list>
                    </property>
                </bean>
                <!-- fastjosn spring support -->
                <bean id="jsonConverter"
                      class="com.tool.configure.interceptor.MyselfJsonHttpMessageConverter">
                    <property name="supportedMediaTypes" value="application/json;charset=UTF-8" />
                    <property name="features">
                        <list>
                            <value>WriteMapNullValue</value>
                            <value>QuoteFieldNames</value>
                        </list>
                    </property>
                </bean>
            </list>
        </property>
    </bean>

    <aop:aspectj-autoproxy proxy-target-class="true"/>
    <context:annotation-config/>
    <mvc:annotation-driven/>

    <context:component-scan base-package="com.tool.configure.controller">
        <context:include-filter type="annotation" expression="org.springframework.stereotype.Controller"/>
        <context:include-filter type="annotation" expression="org.springframework.web.bind.annotation.ControllerAdvice"/>
    </context:component-scan>

    <mvc:interceptors>
        <mvc:interceptor>
            <mvc:mapping path="/**/"/>
            <bean id="loginInterceptor" class="com.tool.configure.interceptor.AuthorizationInterceptor"/>
        </mvc:interceptor>
    </mvc:interceptors>

    <mvc:resources mapping="/css/**" location="/css/"/>
    <mvc:resources mapping="/js/**" location="/js/"/>
    <mvc:resources mapping="/assets/**" location="/assets/"/>
    <mvc:resources mapping="/images/**" location="/images/"/>
    <mvc:resources mapping="/views/**" location="/views/"/>

</beans>