<?xml version="1.0" encoding="UTF-8"?>

<configuration scan="false" scanPeriod="60 seconds" debug="false">

    <property name="LOG_HOME" value="${catalina.base}/logs/com.tool.configure" />
    <!-- <property name="LOG_HOME" value="/Users/wangliguang517/Desktop/111" /> -->

    <appender name="STDOUT" class="ch.qos.logback.core.ConsoleAppender">
        <encoder>
            <pattern>[%thread] %-5level %d{yyyy-MM-dd HH:mm:ss.SSS} %logger[%L] - %msg%n</pattern>
        </encoder>
    </appender>

    <appender name="APP_INFO" class="ch.qos.logback.core.rolling.RollingFileAppender">
        <File>${LOG_HOME}/configure_info.log</File>

        <encoder class="ch.qos.logback.classic.encoder.PatternLayoutEncoder">
            <pattern>[%thread] %-5level %d{yyyy-MM-dd HH:mm:ss.SSS} %logger[%L] - %msg%n</pattern>
        </encoder>

        <filter class="ch.qos.logback.classic.filter.ThresholdFilter">
            <level>INFO</level>
        </filter>

        <rollingPolicy class="ch.qos.logback.core.rolling.TimeBasedRollingPolicy">
            <FileNamePattern>${LOG_HOME}/backup/configure_info.%d{yyyy-MM-dd}.log</FileNamePattern>
        </rollingPolicy>
    </appender>

    <appender name="APP_ERROR" class="ch.qos.logback.core.rolling.RollingFileAppender">
        <File>${LOG_HOME}/configure_error.log</File>

        <encoder class="ch.qos.logback.classic.encoder.PatternLayoutEncoder">
            <pattern>[%thread] %-5level %d{yyyy-MM-dd HH:mm:ss.SSS} %logger[%L] - %msg%n</pattern>
        </encoder>

        <filter class="ch.qos.logback.classic.filter.ThresholdFilter">
            <level>ERROR</level>
        </filter>

        <rollingPolicy class="ch.qos.logback.core.rolling.TimeBasedRollingPolicy">
            <FileNamePattern>${LOG_HOME}/backup/configure_error.%d{yyyy-MM-dd}.log</FileNamePattern>
        </rollingPolicy>
    </appender>

    <appender name="APP_DEGUB" class="ch.qos.logback.core.rolling.RollingFileAppender">
        <File>${LOG_HOME}/configure_debug.log</File>

        <encoder class="ch.qos.logback.classic.encoder.PatternLayoutEncoder">
            <pattern>[%thread] %-5level %d{yyyy-MM-dd HH:mm:ss.SSS} %logger[%L] - %msg%n</pattern>
        </encoder>
        <rollingPolicy class="ch.qos.logback.core.rolling.TimeBasedRollingPolicy">
            <FileNamePattern>${LOG_HOME}/backup/configure_debug.%d{yyyy-MM-dd}.log</FileNamePattern>
        </rollingPolicy>
    </appender>



    <root level="DEBUG">
        <appender-ref ref="STDOUT" />
        <appender-ref ref="APP_INFO" />
        <appender-ref ref="APP_ERROR" />
    </root>

</configuration>