<?xml version="1.0" encoding="UTF-8"?>
<beans xmlns="http://www.springframework.org/schema/beans"
       xmlns:p="http://www.springframework.org/schema/p"
       xmlns:xsi="http://www.w3.org/2001/XMLSchema-instance"
       xmlns:context="http://www.springframework.org/schema/context"
       xmlns:tx="http://www.springframework.org/schema/tx"
       xsi:schemaLocation="http://www.springframework.org/schema/beans
	   http://www.springframework.org/schema/beans/spring-beans.xsd
      	http://www.springframework.org/schema/tx
      	http://www.springframework.org/schema/tx/spring-tx.xsd
    	http://www.springframework.org/schema/context
    	http://www.springframework.org/schema/context/spring-context.xsd">

    <context:component-scan base-package="com.tool.configure.beans"/>
    
    <context:property-placeholder location="classpath*:*.properties"/>

    <tx:annotation-driven/>

    <bean class="com.tool.configure.client.ConfigurePlaceholderConfigurerSupport">
        <property name="order" value="1"/>
        <property name="location">
            <value>classpath:a.properties</value>
        </property>
    </bean>

    <!-- 配置线程池 -->
    <bean id="taskExecutor" class="org.springframework.scheduling.concurrent.ThreadPoolTaskExecutor">
        <!-- 线程池维护线程的最少数量 -->
        <property name="corePoolSize" value="20"/>
        <!-- 线程池维护线程所允许的空闲时间 -->
        <property name="keepAliveSeconds" value="300"/>
        <!-- 线程池维护线程的最大数量 -->
        <property name="maxPoolSize" value="50"/>
        <!-- 线程池所使用的缓冲队列 -->
        <property name="queueCapacity" value="100"/>
    </bean>
</beans>
